delivery_id,item_request_id,delivery_finished,delivery_started,total_delivery_time,status,number_of_obstacles
1,18,2024-12-05 16:00:00,2024-12-05 15:55:00,5,COMPLETED,0
2,40,2024-08-08 13:00:00,2024-08-08 12:55:00,5,COMPLETED,5
3,2,2024-05-20 15:00:00,2024-05-20 14:55:00,5,COMPLETED,3
4,34,2024-04-15 18:00:00,2024-04-15 17:55:00,5,COMPLETED,5
5,23,2024-04-19 14:00:00,2024-04-19 13:55:00,5,COMPLETED,4
6,46,2024-02-19 14:00:00,2024-02-19 13:55:00,5,COMPLETED,5
7,33,2024-11-28 14:00:00,2024-11-28 13:55:00,5,COMPLETED,5
8,42,2024-03-26 19:00:00,2024-03-26 18:55:00,5,COMPLETED,4
9,20,2024-05-17 19:00:00,2024-05-17 18:55:00,5,COMPLETED,4
10,49,2024-07-30 12:00:00,2024-07-30 11:55:00,5,COMPLETED,5
11,16,2024-12-14 15:00:00,2024-12-14 14:54:00,6,COMPLETED,4
12,43,2024-05-21 12:00:00,2024-05-21 11:54:00,6,COMPLETED,5
13,2,2024-04-04 18:00:00,2024-04-04 17:54:00,6,COMPLETED,4
14,26,2024-06-04 16:00:00,2024-06-04 15:54:00,6,COMPLETED,6
15,36,2024-07-29 19:00:00,2024-07-29 18:54:00,6,COMPLETED,4
16,20,2024-05-07 17:00:00,2024-05-07 16:54:00,6,COMPLETED,6
17,35,2024-09-24 17:00:00,2024-09-24 16:54:00,6,COMPLETED,5
18,44,2024-08-29 12:00:00,2024-08-29 11:54:00,6,COMPLETED,6
19,44,2024-03-01 18:00:00,2024-03-01 17:54:00,6,COMPLETED,6
20,18,2024-10-31 15:00:00,2024-10-31 14:54:00,6,COMPLETED,6
21,33,2024-01-11 15:00:00,2024-01-11 14:54:00,6,COMPLETED,6
22,5,2024-12-06 18:00:00,2024-12-06 17:51:00,9,COMPLETED,5
23,46,2024-10-05 12:00:00,2024-10-05 11:51:00,9,COMPLETED,7
24,38,2024-12-18 10:00:00,2024-12-18 09:50:00,10,COMPLETED,8
25,39,2024-08-29 14:00:00,2024-08-29 13:50:00,10,COMPLETED,10
26,19,2024-03-19 13:00:00,2024-03-19 12:50:00,10,COMPLETED,10
27,38,2024-04-20 14:00:00,2024-04-20 13:50:00,10,COMPLETED,10
28,20,2024-01-06 19:00:00,2024-01-06 18:50:00,10,COMPLETED,10
29,31,2024-11-07 11:00:00,2024-11-07 10:50:00,10,COMPLETED,9
30,40,2024-05-29 19:00:00,2024-05-29 18:50:00,10,COMPLETED,9
31,37,2024-05-13 19:00:00,2024-05-13 18:50:00,10,COMPLETED,10
32,12,2024-05-28 18:00:00,2024-05-28 17:50:00,10,COMPLETED,10
33,3,2024-06-15 15:00:00,2024-06-15 14:50:00,10,COMPLETED,10
34,11,2024-04-27 18:00:00,2024-04-27 17:57:00,3,COMPLETED,2
35,37,2024-03-26 17:00:00,2024-03-26 16:57:00,3,COMPLETED,1
36,21,2024-03-05 18:00:00,2024-03-05 17:57:00,3,COMPLETED,1
37,31,2024-06-30 15:00:00,2024-06-30 14:57:00,3,COMPLETED,1
38,7,2024-06-04 13:00:00,2024-06-04 12:57:00,3,COMPLETED,2
39,32,2024-10-10 15:00:00,2024-10-10 14:57:00,3,COMPLETED,1
40,45,2024-02-12 16:00:00,2024-02-12 15:57:00,3,COMPLETED,1
41,17,2024-02-03 18:00:00,2024-02-03 17:57:00,3,COMPLETED,1
42,26,2024-02-14 10:00:00,2024-02-14 09:57:00,3,COMPLETED,2
43,8,2024-01-02 12:00:00,2024-01-02 11:57:00,3,COMPLETED,1
44,18,2024-05-21 12:00:00,2024-05-21 11:57:00,3,COMPLETED,1
45,28,2024-02-25 10:00:00,2024-02-25 09:57:00,3,COMPLETED,1
46,1,2024-05-10 16:00:00,2024-05-10 15:57:00,3,COMPLETED,1
47,25,2024-06-07 14:00:00,2024-06-07 13:57:00,3,COMPLETED,1
48,12,2024-07-26 13:00:00,2024-07-26 12:57:00,3,COMPLETED,1
49,47,2024-02-12 19:00:00,2024-02-12 18:57:00,3,COMPLETED,1
50,17,2024-06-03 15:00:00,2024-06-03 14:57:00,3,COMPLETED,2
51,15,2024-05-14 16:00:00,2024-05-14 15:57:00,3,COMPLETED,1
52,24,2024-11-18 11:00:00,2024-11-18 10:57:00,3,COMPLETED,1
53,5,2024-02-18 15:00:00,2024-02-18 14:57:00,3,COMPLETED,1
54,25,2024-05-21 14:00:00,2024-05-21 13:57:00,3,COMPLETED,2
55,37,2024-09-25 12:00:00,2024-09-25 11:57:00,3,COMPLETED,2
56,43,2024-05-03 13:00:00,2024-05-03 12:57:00,3,COMPLETED,1
57,2,2024-10-23 14:00:00,2024-10-23 13:57:00,3,COMPLETED,2
58,4,2024-10-27 17:00:00,2024-10-27 16:57:00,3,COMPLETED,2
59,16,2024-02-23 16:00:00,2024-02-23 15:57:00,3,COMPLETED,1
60,46,2024-05-07 10:00:00,2024-05-07 09:57:00,3,COMPLETED,2
61,20,2024-11-12 11:00:00,2024-11-12 10:57:00,3,COMPLETED,1
62,42,2024-05-17 14:00:00,2024-05-17 13:57:00,3,COMPLETED,2
63,41,2024-09-20 14:00:00,2024-09-20 13:57:00,3,COMPLETED,1
64,3,2024-11-13 10:00:00,2024-11-13 09:57:00,3,COMPLETED,2
65,35,2024-01-11 12:00:00,2024-01-11 11:57:00,3,COMPLETED,1
66,21,2024-02-21 13:00:00,2024-02-21 12:57:00,3,COMPLETED,1
67,20,2024-11-01 17:00:00,2024-11-01 16:56:00,4,COMPLETED,4
68,50,2024-10-06 15:00:00,2024-10-06 14:56:00,4,COMPLETED,4
69,42,2024-10-22 14:00:00,2024-10-22 13:56:00,4,COMPLETED,4
70,41,2024-04-04 19:00:00,2024-04-04 18:56:00,4,COMPLETED,4
71,34,2024-10-29 19:00:00,2024-10-29 18:56:00,4,COMPLETED,4
72,11,2024-05-01 17:00:00,2024-05-01 16:56:00,4,COMPLETED,4
73,45,2024-04-21 11:00:00,2024-04-21 10:56:00,4,COMPLETED,4
74,48,2024-12-20 16:00:00,2024-12-20 15:53:00,7,COMPLETED,3
75,26,2024-05-30 16:00:00,2024-05-30 15:53:00,7,COMPLETED,5
76,22,2024-12-10 12:00:00,2024-12-10 11:50:00,10,COMPLETED,5
77,43,2024-05-22 10:00:00,2024-05-22 09:50:00,10,COMPLETED,8
78,16,2024-11-07 17:00:00,2024-11-07 16:50:00,10,COMPLETED,9
79,45,2024-02-14 11:00:00,2024-02-14 10:50:00,10,COMPLETED,8
80,23,2024-01-14 13:00:00,2024-01-14 12:50:00,10,COMPLETED,8
81,13,2024-02-21 16:00:00,2024-02-21 15:50:00,10,COMPLETED,9
82,45,2024-04-09 13:00:00,2024-04-09 12:50:00,10,COMPLETED,9
83,8,2024-02-23 16:00:00,2024-02-23 15:50:00,10,COMPLETED,9
84,21,2024-05-03 11:00:00,2024-05-03 10:50:00,10,COMPLETED,7
85,37,2024-08-01 11:00:00,2024-08-01 10:50:00,10,COMPLETED,10
86,5,2024-02-01 19:00:00,2024-02-01 18:50:00,10,COMPLETED,9
87,25,2024-07-26 19:00:00,2024-07-26 18:50:00,10,COMPLETED,7
88,1,2024-05-08 17:00:00,2024-05-08 16:50:00,10,COMPLETED,10
89,46,2024-05-19 10:00:00,2024-05-19 09:50:00,10,COMPLETED,10
90,19,2024-03-12 18:00:00,2024-03-12 17:50:00,10,COMPLETED,8
91,37,2024-08-12 12:00:00,2024-08-12 11:50:00,10,COMPLETED,7
92,22,2024-10-06 18:00:00,2024-10-06 17:50:00,10,COMPLETED,10
93,46,2024-07-16 17:00:00,2024-07-16 16:50:00,10,COMPLETED,8
94,12,2024-12-05 15:00:00,2024-12-05 14:48:00,12,COMPLETED,10
95,41,2024-02-21 11:00:00,2024-02-21 10:48:00,12,COMPLETED,10
96,12,2024-05-21 13:00:00,2024-05-21 12:48:00,12,COMPLETED,12
97,1,2024-02-28 10:00:00,2024-02-28 09:48:00,12,COMPLETED,12
98,36,2024-07-20 14:00:00,2024-07-20 13:48:00,12,COMPLETED,11
99,50,2024-04-06 13:00:00,2024-04-06 12:48:00,12,COMPLETED,10
100,48,2024-01-16 11:00:00,2024-01-16 10:55:00,5,COMPLETED,4
101,50,2024-12-31 17:00:00,2024-12-31 16:52:00,8,COMPLETED,4
102,36,2024-01-30 13:00:00,2024-01-30 12:52:00,8,COMPLETED,7
103,3,2024-04-05 12:00:00,2024-04-05 11:52:00,8,COMPLETED,8
104,6,2024-11-20 17:00:00,2024-11-20 16:52:00,8,COMPLETED,7
105,44,2024-06-18 14:00:00,2024-06-18 13:52:00,8,COMPLETED,7
106,8,2024-05-10 15:00:00,2024-05-10 14:52:00,8,COMPLETED,7
107,1,2024-05-06 10:00:00,2024-05-06 09:52:00,8,COMPLETED,8
108,37,2024-12-19 17:00:00,2024-12-19 16:51:00,9,COMPLETED,7
109,38,2024-12-28 11:00:00,2024-12-28 10:49:00,11,COMPLETED,9
110,43,2024-09-27 14:00:00,2024-09-27 13:49:00,11,COMPLETED,11
111,25,2024-04-21 16:00:00,2024-04-21 15:49:00,11,COMPLETED,10
112,39,2024-03-26 14:00:00,2024-03-26 13:49:00,11,COMPLETED,9
113,17,2024-05-15 12:00:00,2024-05-15 11:49:00,11,COMPLETED,11
114,44,2024-02-19 14:00:00,2024-02-19 13:49:00,11,COMPLETED,10
115,31,2024-08-07 19:00:00,2024-08-07 18:49:00,11,COMPLETED,11
116,19,2024-04-04 13:00:00,2024-04-04 12:49:00,11,COMPLETED,11
117,11,2024-10-05 14:00:00,2024-10-05 13:49:00,11,COMPLETED,11
118,38,2024-02-06 16:00:00,2024-02-06 15:49:00,11,COMPLETED,11
119,13,2024-04-17 18:00:00,2024-04-17 17:49:00,11,COMPLETED,9
120,26,2024-09-10 13:00:00,2024-09-10 12:49:00,11,COMPLETED,11
121,1,2024-12-09 19:00:00,2024-12-09 18:46:00,14,COMPLETED,9
122,6,2024-08-24 17:00:00,2024-08-24 16:46:00,14,COMPLETED,12
123,37,2024-07-15 19:00:00,2024-07-15 18:46:00,14,COMPLETED,12
124,19,2024-01-18 14:00:00,2024-01-18 13:46:00,14,COMPLETED,11
125,19,2024-01-14 10:00:00,2024-01-14 09:46:00,14,COMPLETED,14
126,43,2024-10-27 13:00:00,2024-10-27 12:46:00,14,COMPLETED,11
127,49,2024-06-25 18:00:00,2024-06-25 17:46:00,14,COMPLETED,14
128,24,2024-08-03 10:00:00,2024-08-03 09:46:00,14,COMPLETED,11
129,11,2024-09-29 10:00:00,2024-09-29 09:46:00,14,COMPLETED,13
130,31,2024-01-25 18:00:00,2024-01-25 17:46:00,14,COMPLETED,13
131,30,2024-04-22 14:00:00,2024-04-22 13:46:00,14,COMPLETED,14
132,49,2024-04-19 14:00:00,2024-04-19 13:46:00,14,COMPLETED,10
133,7,2024-10-24 13:00:00,2024-10-24 12:54:00,6,COMPLETED,5
134,28,2024-03-11 14:00:00,2024-03-11 13:54:00,6,COMPLETED,6
135,9,2024-01-11 19:00:00,2024-01-11 18:54:00,6,COMPLETED,6
136,29,2024-05-14 13:00:00,2024-05-14 12:54:00,6,COMPLETED,6
137,19,2024-01-14 11:00:00,2024-01-14 10:54:00,6,COMPLETED,4
138,19,2024-12-04 13:00:00,2024-12-04 12:53:00,7,COMPLETED,4
139,43,2024-07-24 12:00:00,2024-07-24 11:53:00,7,COMPLETED,7
140,16,2024-03-04 17:00:00,2024-03-04 16:53:00,7,COMPLETED,6
141,14,2024-08-29 10:00:00,2024-08-29 09:53:00,7,COMPLETED,6
142,19,2024-03-25 19:00:00,2024-03-25 18:53:00,7,COMPLETED,7
143,31,2024-02-14 14:00:00,2024-02-14 13:53:00,7,COMPLETED,7
144,36,2024-03-14 16:00:00,2024-03-14 15:53:00,7,COMPLETED,7
145,49,2024-01-29 19:00:00,2024-01-29 18:53:00,7,COMPLETED,7
146,17,2024-06-15 17:00:00,2024-06-15 16:53:00,7,COMPLETED,5
147,12,2024-05-26 15:00:00,2024-05-26 14:53:00,7,COMPLETED,6
148,11,2024-08-15 13:00:00,2024-08-15 12:53:00,7,COMPLETED,7
149,43,2024-06-02 17:00:00,2024-06-02 16:53:00,7,COMPLETED,5
150,18,2024-12-14 17:00:00,2024-12-14 16:50:00,10,COMPLETED,6
151,42,2024-01-22 19:00:00,2024-01-22 18:50:00,10,COMPLETED,10
152,3,2024-09-21 17:00:00,2024-09-21 16:50:00,10,COMPLETED,10
153,34,2024-01-14 17:00:00,2024-01-14 16:50:00,10,COMPLETED,8
154,3,2024-04-01 15:00:00,2024-04-01 14:50:00,10,COMPLETED,10
155,32,2024-11-26 19:00:00,2024-11-26 18:50:00,10,COMPLETED,9
156,42,2024-10-22 13:00:00,2024-10-22 12:50:00,10,COMPLETED,9
157,10,2024-11-02 12:00:00,2024-11-02 11:50:00,10,COMPLETED,7
158,37,2024-12-20 12:00:00,2024-12-20 11:49:00,11,COMPLETED,8
159,1,2024-06-23 11:00:00,2024-06-23 10:49:00,11,COMPLETED,11
160,50,2024-10-25 15:00:00,2024-10-25 14:49:00,11,COMPLETED,11
161,40,2024-09-10 11:00:00,2024-09-10 10:49:00,11,COMPLETED,10
162,7,2024-11-19 11:00:00,2024-11-19 10:49:00,11,COMPLETED,8
163,8,2024-08-09 11:00:00,2024-08-09 10:49:00,11,COMPLETED,11
164,18,2024-07-06 11:00:00,2024-07-06 10:49:00,11,COMPLETED,11
165,27,2024-06-15 13:00:00,2024-06-15 12:49:00,11,COMPLETED,10
166,9,2024-05-23 11:00:00,2024-05-23 10:53:00,7,COMPLETED,5
167,37,2024-05-30 11:00:00,2024-05-30 10:53:00,7,COMPLETED,5
168,8,2024-08-22 18:00:00,2024-08-22 17:53:00,7,COMPLETED,6
169,33,2024-01-14 10:00:00,2024-01-14 09:53:00,7,COMPLETED,6
170,1,2024-10-17 16:00:00,2024-10-17 15:53:00,7,COMPLETED,5
171,4,2024-07-26 12:00:00,2024-07-26 11:53:00,7,COMPLETED,6
172,47,2024-12-22 17:00:00,2024-12-22 16:52:00,8,COMPLETED,8
173,33,2024-09-08 14:00:00,2024-09-08 13:52:00,8,COMPLETED,8
174,34,2024-05-15 12:00:00,2024-05-15 11:52:00,8,COMPLETED,7
175,26,2024-10-22 13:00:00,2024-10-22 12:52:00,8,COMPLETED,7
176,25,2024-06-13 10:00:00,2024-06-13 09:52:00,8,COMPLETED,7
177,2,2024-06-29 11:00:00,2024-06-29 10:52:00,8,COMPLETED,6
178,16,2024-03-20 12:00:00,2024-03-20 11:52:00,8,COMPLETED,8
179,48,2024-01-12 10:00:00,2024-01-12 09:52:00,8,COMPLETED,7
180,48,2024-02-08 10:00:00,2024-02-08 09:52:00,8,COMPLETED,6
181,11,2024-10-12 10:00:00,2024-10-12 09:52:00,8,COMPLETED,8
182,24,2024-02-21 19:00:00,2024-02-21 18:52:00,8,COMPLETED,6
183,43,2024-02-14 16:00:00,2024-02-14 15:52:00,8,COMPLETED,8
184,12,2024-10-04 14:00:00,2024-10-04 13:52:00,8,COMPLETED,7
185,7,2024-11-17 16:00:00,2024-11-17 15:52:00,8,COMPLETED,8
186,33,2024-01-23 16:00:00,2024-01-23 15:52:00,8,COMPLETED,6
187,10,2024-10-12 13:00:00,2024-10-12 12:52:00,8,COMPLETED,8
188,42,2024-03-19 17:00:00,2024-03-19 16:52:00,8,COMPLETED,6
189,39,2024-09-02 17:00:00,2024-09-02 16:52:00,8,COMPLETED,7
190,25,2024-05-23 18:00:00,2024-05-23 17:52:00,8,COMPLETED,7
191,17,2024-07-10 10:00:00,2024-07-10 09:52:00,8,COMPLETED,8
192,44,2024-08-14 16:00:00,2024-08-14 15:52:00,8,COMPLETED,7
193,23,2024-11-07 17:00:00,2024-11-07 16:52:00,8,COMPLETED,7
194,25,2024-01-02 10:00:00,2024-01-02 09:52:00,8,COMPLETED,8
195,14,2024-08-31 12:00:00,2024-08-31 11:52:00,8,COMPLETED,6
196,34,2024-05-02 13:00:00,2024-05-02 12:52:00,8,COMPLETED,8
197,1,2024-04-07 17:00:00,2024-04-07 16:52:00,8,COMPLETED,6
198,37,2024-08-23 19:00:00,2024-08-23 18:52:00,8,COMPLETED,6
199,13,2024-01-29 16:00:00,2024-01-29 15:52:00,8,COMPLETED,8
200,10,2024-01-13 10:00:00,2024-01-13 09:52:00,8,COMPLETED,6
201,32,2024-04-05 17:00:00,2024-04-05 16:52:00,8,COMPLETED,8
202,4,2024-04-14 12:00:00,2024-04-14 11:52:00,8,COMPLETED,8
203,37,2024-10-06 12:00:00,2024-10-06 11:52:00,8,COMPLETED,6
204,25,2024-01-25 12:00:00,2024-01-25 11:52:00,8,COMPLETED,8
205,5,2024-06-04 10:00:00,2024-06-04 09:52:00,8,COMPLETED,8
206,45,2024-11-11 14:00:00,2024-11-11 13:52:00,8,COMPLETED,8
207,4,2024-08-31 10:00:00,2024-08-31 09:52:00,8,COMPLETED,8
208,11,2024-10-25 14:00:00,2024-10-25 13:52:00,8,COMPLETED,8
209,50,2024-01-21 14:00:00,2024-01-21 13:52:00,8,COMPLETED,8
210,12,2024-11-28 15:00:00,2024-11-28 14:52:00,8,COMPLETED,6
211,18,2024-05-25 19:00:00,2024-05-25 18:52:00,8,COMPLETED,8
212,45,2024-06-22 14:00:00,2024-06-22 13:52:00,8,COMPLETED,8
213,47,2024-01-13 10:00:00,2024-01-13 09:52:00,8,COMPLETED,7
214,22,2024-01-22 11:00:00,2024-01-22 10:52:00,8,COMPLETED,7
215,34,2024-02-04 16:00:00,2024-02-04 15:52:00,8,COMPLETED,7
216,44,2024-06-28 10:00:00,2024-06-28 09:52:00,8,COMPLETED,6
217,17,2024-11-10 15:00:00,2024-11-10 14:52:00,8,COMPLETED,7
218,1,2024-07-24 14:00:00,2024-07-24 13:52:00,8,COMPLETED,7
219,25,2024-11-01 11:00:00,2024-11-01 10:52:00,8,COMPLETED,8
220,2,2024-09-27 16:00:00,2024-09-27 15:52:00,8,COMPLETED,8
221,9,2024-05-25 13:00:00,2024-05-25 12:52:00,8,COMPLETED,8
222,9,2024-04-09 15:00:00,2024-04-09 14:52:00,8,COMPLETED,8
223,12,2024-02-05 12:00:00,2024-02-05 11:52:00,8,COMPLETED,8
224,46,2024-09-01 14:00:00,2024-09-01 13:52:00,8,COMPLETED,6
225,14,2024-01-14 18:00:00,2024-01-14 17:52:00,8,COMPLETED,8
226,50,2024-11-09 12:00:00,2024-11-09 11:52:00,8,COMPLETED,6
227,8,2024-11-20 16:00:00,2024-11-20 15:52:00,8,COMPLETED,8
228,5,2024-11-22 11:00:00,2024-11-22 10:52:00,8,COMPLETED,8
229,47,2024-06-14 15:00:00,2024-06-14 14:52:00,8,COMPLETED,8
230,34,2024-05-23 18:00:00,2024-05-23 17:52:00,8,COMPLETED,8
231,14,2024-11-20 15:00:00,2024-11-20 14:52:00,8,COMPLETED,7
232,9,2024-04-16 12:00:00,2024-04-16 11:51:00,9,COMPLETED,9
233,21,2024-02-16 16:00:00,2024-02-16 15:51:00,9,COMPLETED,8
234,34,2024-05-08 12:00:00,2024-05-08 11:51:00,9,COMPLETED,8
235,7,2024-08-10 19:00:00,2024-08-10 18:51:00,9,COMPLETED,9
236,33,2024-09-20 10:00:00,2024-09-20 09:51:00,9,COMPLETED,7
237,39,2024-12-15 13:00:00,2024-12-15 12:49:00,11,COMPLETED,7
238,19,2024-12-22 11:00:00,2024-12-22 10:47:00,13,COMPLETED,9
239,32,2024-11-13 14:00:00,2024-11-13 13:47:00,13,COMPLETED,13
240,30,2024-09-09 11:00:00,2024-09-09 10:47:00,13,COMPLETED,12
241,34,2024-11-24 14:00:00,2024-11-24 13:47:00,13,COMPLETED,13
242,26,2024-11-24 12:00:00,2024-11-24 11:47:00,13,COMPLETED,9
243,17,2024-04-25 17:00:00,2024-04-25 16:47:00,13,COMPLETED,10
244,38,2024-01-13 12:00:00,2024-01-13 11:47:00,13,COMPLETED,12
245,29,2024-07-04 12:00:00,2024-07-04 11:47:00,13,COMPLETED,10
246,30,2024-07-06 19:00:00,2024-07-06 18:47:00,13,COMPLETED,9
247,24,2024-09-07 19:00:00,2024-09-07 18:47:00,13,COMPLETED,13
248,43,2024-01-27 19:00:00,2024-01-27 18:47:00,13,COMPLETED,11
249,12,2024-02-21 11:00:00,2024-02-21 10:47:00,13,COMPLETED,13
250,35,2024-07-01 13:00:00,2024-07-01 12:47:00,13,COMPLETED,12
251,48,2024-01-24 16:00:00,2024-01-24 15:47:00,13,COMPLETED,11
252,11,2024-02-27 14:00:00,2024-02-27 13:47:00,13,COMPLETED,9
253,2,2024-03-18 11:00:00,2024-03-18 10:47:00,13,COMPLETED,11
254,5,2024-05-28 17:00:00,2024-05-28 16:47:00,13,COMPLETED,11
255,45,2024-05-12 11:00:00,2024-05-12 10:47:00,13,COMPLETED,13
256,13,2024-01-15 13:00:00,2024-01-15 12:47:00,13,COMPLETED,9
257,16,2024-11-22 10:00:00,2024-11-22 09:47:00,13,COMPLETED,13
258,32,2024-08-15 16:00:00,2024-08-15 15:47:00,13,COMPLETED,10
259,46,2024-07-29 19:00:00,2024-07-29 18:47:00,13,COMPLETED,11
260,1,2024-08-22 16:00:00,2024-08-22 15:47:00,13,COMPLETED,13
261,3,2024-10-17 15:00:00,2024-10-17 14:47:00,13,COMPLETED,10
262,47,2024-05-03 14:00:00,2024-05-03 13:47:00,13,COMPLETED,10
263,6,2024-09-10 15:00:00,2024-09-10 14:47:00,13,COMPLETED,9
264,11,2024-10-09 14:00:00,2024-10-09 13:47:00,13,COMPLETED,9
265,2,2024-02-02 11:00:00,2024-02-02 10:50:00,10,COMPLETED,8
266,21,2024-04-28 10:00:00,2024-04-28 09:50:00,10,COMPLETED,7
267,35,2024-08-16 13:00:00,2024-08-16 12:50:00,10,COMPLETED,7
268,14,2024-09-24 17:00:00,2024-09-24 16:50:00,10,COMPLETED,10
269,18,2024-11-11 13:00:00,2024-11-11 12:50:00,10,COMPLETED,9
270,35,2024-02-21 13:00:00,2024-02-21 12:50:00,10,COMPLETED,8
271,21,2024-04-12 14:00:00,2024-04-12 13:50:00,10,COMPLETED,10
272,42,2024-03-28 18:00:00,2024-03-28 17:50:00,10,COMPLETED,8
273,49,2024-12-31 16:00:00,2024-12-31 15:47:00,13,COMPLETED,8
274,28,2024-11-04 16:00:00,2024-11-04 15:47:00,13,COMPLETED,13
275,15,2024-02-27 12:00:00,2024-02-27 11:47:00,13,COMPLETED,13
276,24,2024-10-26 11:00:00,2024-10-26 10:47:00,13,COMPLETED,13
277,24,2024-02-19 14:00:00,2024-02-19 13:47:00,13,COMPLETED,13
278,19,2024-01-11 12:00:00,2024-01-11 11:47:00,13,COMPLETED,9
279,26,2024-11-10 18:00:00,2024-11-10 17:47:00,13,COMPLETED,11
280,25,2024-10-01 13:00:00,2024-10-01 12:47:00,13,COMPLETED,13
281,26,2024-09-29 16:00:00,2024-09-29 15:47:00,13,COMPLETED,9
282,4,2024-12-18 18:00:00,2024-12-18 17:45:00,15,COMPLETED,11
283,12,2024-08-06 14:00:00,2024-08-06 13:45:00,15,COMPLETED,13
284,31,2024-08-31 18:00:00,2024-08-31 17:45:00,15,COMPLETED,15
285,37,2024-06-09 14:00:00,2024-06-09 13:45:00,15,COMPLETED,15
286,24,2024-09-06 19:00:00,2024-09-06 18:45:00,15,COMPLETED,11
287,32,2024-07-20 15:00:00,2024-07-20 14:45:00,15,COMPLETED,13
288,36,2024-11-09 14:00:00,2024-11-09 13:45:00,15,COMPLETED,15
289,9,2024-12-15 15:00:00,2024-12-15 14:44:00,16,COMPLETED,13
290,4,2024-07-14 15:00:00,2024-07-14 14:44:00,16,COMPLETED,15
291,13,2024-04-27 17:00:00,2024-04-27 16:44:00,16,COMPLETED,12
292,29,2024-03-15 11:00:00,2024-03-15 10:44:00,16,COMPLETED,13
293,26,2024-11-19 15:00:00,2024-11-19 14:44:00,16,COMPLETED,14
294,1,2024-12-05 17:00:00,2024-12-05 16:44:00,16,COMPLETED,13
295,7,2024-01-10 15:00:00,2024-01-10 14:44:00,16,COMPLETED,15
296,38,2024-07-30 13:00:00,2024-07-30 12:44:00,16,COMPLETED,15
297,39,2024-04-20 12:00:00,2024-04-20 11:44:00,16,COMPLETED,15
298,46,2024-08-12 10:00:00,2024-08-12 09:49:00,11,COMPLETED,10
299,50,2024-09-07 13:00:00,2024-09-07 12:49:00,11,COMPLETED,11
300,38,2024-08-02 10:00:00,2024-08-02 09:49:00,11,COMPLETED,11
301,5,2024-06-14 18:00:00,2024-06-14 17:49:00,11,COMPLETED,9
302,24,2024-10-21 15:00:00,2024-10-21 14:49:00,11,COMPLETED,8
303,14,2024-08-13 11:00:00,2024-08-13 10:49:00,11,COMPLETED,9
304,13,2024-04-13 18:00:00,2024-04-13 17:49:00,11,COMPLETED,10
305,33,2024-02-17 13:00:00,2024-02-17 12:49:00,11,COMPLETED,8
306,17,2024-06-03 19:00:00,2024-06-03 18:49:00,11,COMPLETED,9
307,20,2024-01-10 19:00:00,2024-01-10 18:49:00,11,COMPLETED,11
308,25,2024-04-21 16:00:00,2024-04-21 15:49:00,11,COMPLETED,11
309,17,2024-04-08 13:00:00,2024-04-08 12:49:00,11,COMPLETED,8
310,6,2024-07-08 17:00:00,2024-07-08 16:49:00,11,COMPLETED,11
311,33,2024-03-15 10:00:00,2024-03-15 09:49:00,11,COMPLETED,11
312,1,2024-03-08 17:00:00,2024-03-08 16:49:00,11,COMPLETED,10
313,14,2024-04-04 16:00:00,2024-04-04 15:49:00,11,COMPLETED,11
314,27,2024-01-12 12:00:00,2024-01-12 11:49:00,11,COMPLETED,10
315,48,2024-11-20 10:00:00,2024-11-20 09:49:00,11,COMPLETED,8
316,22,2024-11-17 12:00:00,2024-11-17 11:49:00,11,COMPLETED,9
317,30,2024-04-12 14:00:00,2024-04-12 13:49:00,11,COMPLETED,11
318,16,2024-05-09 19:00:00,2024-05-09 18:49:00,11,COMPLETED,11
319,6,2024-02-29 16:00:00,2024-02-29 15:49:00,11,COMPLETED,9
320,1,2024-10-01 12:00:00,2024-10-01 11:49:00,11,COMPLETED,11
321,32,2024-07-01 13:00:00,2024-07-01 12:49:00,11,COMPLETED,9
322,40,2024-07-16 14:00:00,2024-07-16 13:49:00,11,COMPLETED,10
323,19,2024-04-17 13:00:00,2024-04-17 12:49:00,11,COMPLETED,10
324,21,2024-01-25 17:00:00,2024-01-25 16:49:00,11,COMPLETED,11
325,37,2024-11-06 13:00:00,2024-11-06 12:49:00,11,COMPLETED,11
326,37,2024-07-21 11:00:00,2024-07-21 10:49:00,11,COMPLETED,8
327,40,2024-05-25 18:00:00,2024-05-25 17:49:00,11,COMPLETED,10
328,37,2024-01-26 18:00:00,2024-01-26 17:49:00,11,COMPLETED,11
329,3,2024-05-04 14:00:00,2024-05-04 13:49:00,11,COMPLETED,11
330,41,2024-08-23 16:00:00,2024-08-23 15:49:00,11,COMPLETED,10
331,26,2024-12-06 10:00:00,2024-12-06 09:47:00,13,COMPLETED,9
332,10,2024-04-27 13:00:00,2024-04-27 12:47:00,13,COMPLETED,13
333,42,2024-08-02 10:00:00,2024-08-02 09:47:00,13,COMPLETED,13
334,39,2024-01-23 17:00:00,2024-01-23 16:47:00,13,COMPLETED,13
335,19,2024-03-20 18:00:00,2024-03-20 17:47:00,13,COMPLETED,13
336,18,2024-04-28 18:00:00,2024-04-28 17:47:00,13,COMPLETED,13
337,40,2024-04-11 18:00:00,2024-04-11 17:47:00,13,COMPLETED,13
338,5,2024-11-10 14:00:00,2024-11-10 13:47:00,13,COMPLETED,12
339,26,2024-04-05 18:00:00,2024-04-05 17:47:00,13,COMPLETED,9
340,28,2024-10-27 15:00:00,2024-10-27 14:47:00,13,COMPLETED,12
341,11,2024-11-06 14:00:00,2024-11-06 13:47:00,13,COMPLETED,13
342,9,2024-11-19 14:00:00,2024-11-19 13:47:00,13,COMPLETED,9
343,50,2024-03-12 17:00:00,2024-03-12 16:47:00,13,COMPLETED,9
344,21,2024-12-25 19:00:00,2024-12-25 18:44:00,16,COMPLETED,10
345,5,2024-11-14 11:00:00,2024-11-14 10:44:00,16,COMPLETED,12
346,42,2024-06-19 19:00:00,2024-06-19 18:44:00,16,COMPLETED,13
347,30,2024-05-30 14:00:00,2024-05-30 13:44:00,16,COMPLETED,13
348,15,2024-05-17 17:00:00,2024-05-17 16:44:00,16,COMPLETED,15
349,4,2024-05-20 12:00:00,2024-05-20 11:44:00,16,COMPLETED,13
350,11,2024-03-25 16:00:00,2024-03-25 15:44:00,16,COMPLETED,13
351,38,2024-04-06 13:00:00,2024-04-06 12:44:00,16,COMPLETED,15
352,29,2024-11-12 19:00:00,2024-11-12 18:44:00,16,COMPLETED,13
353,24,2024-09-02 14:00:00,2024-09-02 13:44:00,16,COMPLETED,14
354,42,2024-12-15 10:00:00,2024-12-15 09:44:00,16,COMPLETED,13
355,35,2024-07-20 10:00:00,2024-07-20 09:44:00,16,COMPLETED,14
356,13,2024-10-12 13:00:00,2024-10-12 12:44:00,16,COMPLETED,14
357,41,2024-02-21 18:00:00,2024-02-21 17:44:00,16,COMPLETED,15
358,20,2024-05-08 12:00:00,2024-05-08 11:44:00,16,COMPLETED,14
359,14,2024-04-27 19:00:00,2024-04-27 18:44:00,16,COMPLETED,14
360,44,2024-04-01 10:00:00,2024-04-01 09:44:00,16,COMPLETED,13
361,34,2024-02-29 11:00:00,2024-02-29 10:44:00,16,COMPLETED,12
362,33,2024-06-28 12:00:00,2024-06-28 11:44:00,16,COMPLETED,13
363,24,2024-12-12 10:00:00,2024-12-12 09:44:00,16,COMPLETED,13
364,22,2024-09-16 12:00:00,2024-09-16 11:47:00,13,COMPLETED,13
365,27,2024-03-01 10:00:00,2024-03-01 09:47:00,13,COMPLETED,13
366,1,2024-03-03 10:00:00,2024-03-03 09:47:00,13,COMPLETED,10
367,29,2024-04-26 19:00:00,2024-04-26 18:47:00,13,COMPLETED,11
368,39,2024-12-09 11:00:00,2024-12-09 10:45:00,15,COMPLETED,10
369,45,2024-11-25 11:00:00,2024-11-25 10:45:00,15,COMPLETED,14
370,27,2024-07-03 10:00:00,2024-07-03 09:45:00,15,COMPLETED,12
371,43,2024-03-10 19:00:00,2024-03-10 18:45:00,15,COMPLETED,13
372,33,2024-08-22 13:00:00,2024-08-22 12:45:00,15,COMPLETED,14
373,19,2024-02-05 16:00:00,2024-02-05 15:45:00,15,COMPLETED,11
374,24,2024-06-18 17:00:00,2024-06-18 16:45:00,15,COMPLETED,13
375,44,2024-10-20 13:00:00,2024-10-20 12:45:00,15,COMPLETED,13
376,31,2024-05-09 11:00:00,2024-05-09 10:45:00,15,COMPLETED,15
377,33,2024-08-20 13:00:00,2024-08-20 12:45:00,15,COMPLETED,15
378,46,2024-05-09 18:00:00,2024-05-09 17:45:00,15,COMPLETED,13
379,4,2024-09-20 17:00:00,2024-09-20 16:45:00,15,COMPLETED,15
380,28,2024-08-19 16:00:00,2024-08-19 15:45:00,15,COMPLETED,14
381,9,2024-12-14 19:00:00,2024-12-14 18:44:00,16,COMPLETED,15
382,6,2024-03-02 16:00:00,2024-03-02 15:44:00,16,COMPLETED,12
383,47,2024-09-04 15:00:00,2024-09-04 14:44:00,16,COMPLETED,13
384,27,2024-12-02 13:00:00,2024-12-02 12:44:00,16,COMPLETED,14
385,47,2024-06-30 13:00:00,2024-06-30 12:44:00,16,COMPLETED,13
386,4,2024-06-26 17:00:00,2024-06-26 16:44:00,16,COMPLETED,12
387,3,2024-03-10 10:00:00,2024-03-10 09:44:00,16,COMPLETED,13
388,22,2024-08-28 12:00:00,2024-08-28 11:44:00,16,COMPLETED,14
389,8,2024-01-02 16:00:00,2024-01-02 15:44:00,16,COMPLETED,14
390,31,2024-09-16 19:00:00,2024-09-16 18:44:00,16,COMPLETED,14
391,22,2024-07-06 16:00:00,2024-07-06 15:44:00,16,COMPLETED,14
392,32,2024-10-10 18:00:00,2024-10-10 17:44:00,16,COMPLETED,15
393,33,2024-04-19 11:00:00,2024-04-19 10:44:00,16,COMPLETED,12
394,37,2024-07-01 19:00:00,2024-07-01 18:44:00,16,COMPLETED,13
395,14,2024-12-31 16:00:00,2024-12-31 15:44:00,16,COMPLETED,14
396,17,2024-04-11 17:00:00,2024-04-11 16:44:00,16,COMPLETED,13
397,2,2024-11-24 18:00:00,2024-11-24 17:46:00,14,COMPLETED,10
398,23,2024-04-23 12:00:00,2024-04-23 11:46:00,14,COMPLETED,12
399,38,2024-06-09 17:00:00,2024-06-09 16:46:00,14,COMPLETED,14
400,2,2024-11-08 14:00:00,2024-11-08 13:46:00,14,COMPLETED,13
401,45,2024-10-22 15:00:00,2024-10-22 14:46:00,14,COMPLETED,12
402,18,2024-10-17 19:00:00,2024-10-17 18:46:00,14,COMPLETED,10
403,32,2024-06-08 16:00:00,2024-06-08 15:46:00,14,COMPLETED,13
404,42,2024-06-25 18:00:00,2024-06-25 17:46:00,14,COMPLETED,14
405,2,2024-06-24 15:00:00,2024-06-24 14:46:00,14,COMPLETED,10
406,35,2024-02-24 16:00:00,2024-02-24 15:46:00,14,COMPLETED,14
407,19,2024-03-17 17:00:00,2024-03-17 16:46:00,14,COMPLETED,14
408,43,2024-03-16 10:00:00,2024-03-16 09:46:00,14,COMPLETED,13
409,3,2024-05-16 17:00:00,2024-05-16 16:46:00,14,COMPLETED,11
410,15,2024-12-06 15:00:00,2024-12-06 14:45:00,15,COMPLETED,14
411,33,2024-03-23 14:00:00,2024-03-23 13:45:00,15,COMPLETED,13
412,20,2024-11-03 13:00:00,2024-11-03 12:45:00,15,COMPLETED,14
413,12,2024-05-20 18:00:00,2024-05-20 17:45:00,15,COMPLETED,14
414,7,2024-03-06 15:00:00,2024-03-06 14:45:00,15,COMPLETED,15
415,3,2024-04-25 18:00:00,2024-04-25 17:45:00,15,COMPLETED,13
416,18,2024-08-27 18:00:00,2024-08-27 17:45:00,15,COMPLETED,12
417,4,2024-03-05 16:00:00,2024-03-05 15:45:00,15,COMPLETED,15
418,30,2024-05-21 12:00:00,2024-05-21 11:45:00,15,COMPLETED,14
419,49,2024-02-14 12:00:00,2024-02-14 11:45:00,15,COMPLETED,12
420,1,2024-10-08 10:00:00,2024-10-08 09:45:00,15,COMPLETED,11
421,6,2024-04-13 16:00:00,2024-04-13 15:45:00,15,COMPLETED,12
422,36,2024-04-20 16:00:00,2024-04-20 15:45:00,15,COMPLETED,13
423,42,2024-03-12 16:00:00,2024-03-12 15:45:00,15,COMPLETED,11
424,20,2024-11-23 19:00:00,2024-11-23 18:45:00,15,COMPLETED,14
425,19,2024-07-17 15:00:00,2024-07-17 14:45:00,15,COMPLETED,13
426,16,2024-03-15 11:00:00,2024-03-15 10:45:00,15,COMPLETED,12
427,50,2024-08-27 16:00:00,2024-08-27 15:45:00,15,COMPLETED,11
428,4,2024-03-25 12:00:00,2024-03-25 11:45:00,15,COMPLETED,11
429,39,2024-11-02 19:00:00,2024-11-02 18:45:00,15,COMPLETED,11
430,35,2024-03-22 12:00:00,2024-03-22 11:45:00,15,COMPLETED,15
431,45,2024-09-27 12:00:00,2024-09-27 11:45:00,15,COMPLETED,15
432,39,2024-12-06 13:00:00,2024-12-06 12:44:00,16,COMPLETED,11
433,10,2024-06-29 16:00:00,2024-06-29 15:44:00,16,COMPLETED,13
434,46,2024-09-05 12:00:00,2024-09-05 11:44:00,16,COMPLETED,14
435,41,2024-03-21 13:00:00,2024-03-21 12:44:00,16,COMPLETED,12
436,10,2024-03-11 19:00:00,2024-03-11 18:44:00,16,COMPLETED,13
437,37,2024-03-10 13:00:00,2024-03-10 12:44:00,16,COMPLETED,13
438,18,2024-01-16 16:00:00,2024-01-16 15:44:00,16,COMPLETED,12
439,1,2024-04-30 14:00:00,2024-04-30 13:44:00,16,COMPLETED,14
440,21,2024-06-22 17:00:00,2024-06-22 16:44:00,16,COMPLETED,15
441,24,2024-03-31 18:00:00,2024-03-31 17:44:00,16,COMPLETED,13
442,28,2024-11-05 13:00:00,2024-11-05 12:44:00,16,COMPLETED,13
443,48,2024-09-29 19:00:00,2024-09-29 18:44:00,16,COMPLETED,15
444,49,2024-12-12 18:00:00,2024-12-12 17:44:00,16,COMPLETED,14
445,9,2024-03-10 19:00:00,2024-03-10 18:44:00,16,COMPLETED,14
446,41,2024-01-18 14:00:00,2024-01-18 13:44:00,16,COMPLETED,12
447,49,2024-06-14 17:00:00,2024-06-14 16:44:00,16,COMPLETED,15
448,40,2024-03-31 18:00:00,2024-03-31 17:44:00,16,COMPLETED,12
449,15,2024-11-10 10:00:00,2024-11-10 09:44:00,16,COMPLETED,12
450,24,2024-02-27 18:00:00,2024-02-27 17:44:00,16,COMPLETED,15
451,13,2024-05-19 12:00:00,2024-05-19 11:44:00,16,COMPLETED,14
452,30,2024-09-01 14:00:00,2024-09-01 13:44:00,16,COMPLETED,12
453,2,2024-09-12 19:00:00,2024-09-12 18:44:00,16,COMPLETED,15
454,35,2024-11-30 11:00:00,2024-11-30 10:44:00,16,COMPLETED,13
455,42,2024-07-09 17:00:00,2024-07-09 16:44:00,16,COMPLETED,14
456,22,2024-05-06 10:00:00,2024-05-06 09:44:00,16,COMPLETED,13
457,50,2024-11-18 17:00:00,2024-11-18 16:44:00,16,COMPLETED,13
458,41,2024-04-21 12:00:00,2024-04-21 11:44:00,16,COMPLETED,15
459,32,2024-11-21 10:00:00,2024-11-21 09:44:00,16,COMPLETED,13
460,50,2024-10-24 13:00:00,2024-10-24 12:44:00,16,COMPLETED,12
461,7,2024-08-27 13:00:00,2024-08-27 12:44:00,16,COMPLETED,15
462,3,2024-02-13 15:00:00,2024-02-13 14:44:00,16,COMPLETED,15
463,23,2024-01-31 11:00:00,2024-01-31 10:44:00,16,COMPLETED,14
464,38,2024-07-15 13:00:00,2024-07-15 12:44:00,16,COMPLETED,15
465,5,2024-10-29 18:00:00,2024-10-29 17:44:00,16,COMPLETED,14
466,29,2024-10-30 18:00:00,2024-10-30 17:44:00,16,COMPLETED,12
467,9,2024-08-02 18:00:00,2024-08-02 17:44:00,16,COMPLETED,14
468,20,2024-12-28 10:00:00,2024-12-28 09:44:00,16,COMPLETED,15
469,15,2024-04-27 17:00:00,2024-04-27 16:44:00,16,COMPLETED,15
470,47,2024-12-12 12:00:00,2024-12-12 11:44:00,16,COMPLETED,14
471,20,2024-12-29 19:00:00,2024-12-29 18:44:00,16,COMPLETED,12
472,43,2024-08-18 11:00:00,2024-08-18 10:44:00,16,COMPLETED,13
473,30,2024-05-21 13:00:00,2024-05-21 12:44:00,16,COMPLETED,14
474,15,2024-07-06 17:00:00,2024-07-06 16:44:00,16,COMPLETED,14
475,44,2024-10-27 13:00:00,2024-10-27 12:44:00,16,COMPLETED,15
476,16,2024-09-14 10:00:00,2024-09-14 09:44:00,16,COMPLETED,12
477,39,2024-07-20 14:00:00,2024-07-20 13:44:00,16,COMPLETED,12
478,10,2024-08-16 14:00:00,2024-08-16 13:44:00,16,COMPLETED,13
479,25,2024-05-27 12:00:00,2024-05-27 11:44:00,16,COMPLETED,15
480,25,2024-02-02 10:00:00,2024-02-02 09:44:00,16,COMPLETED,12
481,44,2024-04-27 17:00:00,2024-04-27 16:44:00,16,COMPLETED,15
482,5,2024-05-02 16:00:00,2024-05-02 15:44:00,16,COMPLETED,13
483,24,2024-04-21 13:00:00,2024-04-21 12:44:00,16,COMPLETED,13
484,22,2024-06-18 14:00:00,2024-06-18 13:44:00,16,COMPLETED,15
485,33,2024-04-20 13:00:00,2024-04-20 12:44:00,16,COMPLETED,13
486,27,2024-01-22 12:00:00,2024-01-22 11:44:00,16,COMPLETED,14
487,37,2024-03-13 16:00:00,2024-03-13 15:44:00,16,COMPLETED,13
488,19,2024-10-13 14:00:00,2024-10-13 13:44:00,16,COMPLETED,15
489,1,2024-05-17 18:00:00,2024-05-17 17:44:00,16,COMPLETED,14
490,11,2024-04-12 13:00:00,2024-04-12 12:44:00,16,COMPLETED,14
491,40,2024-01-25 19:00:00,2024-01-25 18:44:00,16,COMPLETED,12
492,48,2024-12-03 14:00:00,2024-12-03 13:44:00,16,COMPLETED,15
493,7,2024-07-05 10:00:00,2024-07-05 09:44:00,16,COMPLETED,12
494,40,2024-01-09 12:00:00,2024-01-09 11:44:00,16,COMPLETED,12
495,36,2024-07-21 14:00:00,2024-07-21 13:44:00,16,COMPLETED,13
